<annotation>
	<folder>ioclsmaller</folder>
	<filename>res_thumb_DSC_0582_1024.jpg</filename>
	<path>/home/cosprey/Downloads/iocldata/ioclsmaller-20200726T075031Z-001/ioclsmaller/res_thumb_DSC_0582_1024.jpg</path>
	<source>
		<database>Unknown</database>
	</source>
	<size>
		<width>512</width>
		<height>512</height>
		<depth>3</depth>
	</size>
	<segmented>0</segmented>
	<object>
		<name>roof</name>
		<pose>Unspecified</pose>
		<truncated>0</truncated>
		<difficult>0</difficult>
		<bndbox>
			<xmin>48</xmin>
			<ymin>155</ymin>
			<xmax>280</xmax>
			<ymax>234</ymax>
		</bndbox>
	</object>
</annotation>
