<annotation>
	<folder>ioclsmaller</folder>
	<filename>res_PHOTO-2020-04-19-10-31-23 (5).jpg</filename>
	<path>/home/cosprey/Downloads/iocldata/ioclsmaller-20200726T075031Z-001/ioclsmaller/res_PHOTO-2020-04-19-10-31-23 (5).jpg</path>
	<source>
		<database>Unknown</database>
	</source>
	<size>
		<width>512</width>
		<height>512</height>
		<depth>3</depth>
	</size>
	<segmented>0</segmented>
	<object>
		<name>roof</name>
		<pose>Unspecified</pose>
		<truncated>1</truncated>
		<difficult>0</difficult>
		<bndbox>
			<xmin>1</xmin>
			<ymin>1</ymin>
			<xmax>473</xmax>
			<ymax>254</ymax>
		</bndbox>
	</object>
</annotation>
