<annotation>
	<folder>ioclsmaller</folder>
	<filename>res_IMG_0008.JPG</filename>
	<path>/home/cosprey/Downloads/iocldata/ioclsmaller-20200726T075031Z-001/ioclsmaller/res_IMG_0008.JPG</path>
	<source>
		<database>Unknown</database>
	</source>
	<size>
		<width>512</width>
		<height>512</height>
		<depth>3</depth>
	</size>
	<segmented>0</segmented>
	<object>
		<name>roof</name>
		<pose>Unspecified</pose>
		<truncated>1</truncated>
		<difficult>0</difficult>
		<bndbox>
			<xmin>1</xmin>
			<ymin>83</ymin>
			<xmax>436</xmax>
			<ymax>292</ymax>
		</bndbox>
	</object>
</annotation>
