<annotation>
	<folder>ioclsmaller</folder>
	<filename>res_Thukubil-1.jpg</filename>
	<path>/home/cosprey/Downloads/iocldata/ioclsmaller-20200726T075031Z-001/ioclsmaller/res_Thukubil-1.jpg</path>
	<source>
		<database>Unknown</database>
	</source>
	<size>
		<width>512</width>
		<height>512</height>
		<depth>3</depth>
	</size>
	<segmented>0</segmented>
	<object>
		<name>roof</name>
		<pose>Unspecified</pose>
		<truncated>0</truncated>
		<difficult>0</difficult>
		<bndbox>
			<xmin>148</xmin>
			<ymin>58</ymin>
			<xmax>429</xmax>
			<ymax>174</ymax>
		</bndbox>
	</object>
</annotation>
